<?xml version="1.0" encoding="UTF-8"?>
<project-private xmlns="http://www.netbeans.org/ns/project-private/1">
    <editor-bookmarks xmlns="http://www.netbeans.org/ns/editor-bookmarks/2" lastBookmarkId="0"/>
    <open-files xmlns="http://www.netbeans.org/ns/projectui-open-files/2">
        <group>
            <file>file:/C:/Users/junio/Downloads/examenfinal/src/ejercicio4/Vehiculo.java</file>
            <file>file:/C:/Users/junio/Downloads/examenfinal/src/ejercicio3/GenerarDatosProductos.java</file>
            <file>file:/C:/Users/junio/Downloads/examenfinal/src/examenfinal/ExamenFinal.java</file>
            <file>file:/C:/Users/junio/Downloads/examenfinal/src/preguntasteoria/Preguntas</file>
            <file>file:/C:/Users/junio/Downloads/examenfinal/src/ejercicio4/Bicicleta.java</file>
            <file>file:/C:/Users/junio/Downloads/examenfinal/src/ejercicio3/Productos.java</file>
            <file>file:/C:/Users/junio/Downloads/examenfinal/src/ejercicio2/Ejercicio2.java</file>
            <file>file:/C:/Users/junio/Downloads/examenfinal/src/ejercicio1/Ejercicio1.java</file>
            <file>file:/C:/Users/junio/Downloads/examenfinal/src/ejercicio5/Ejercicio5.java</file>
            <file>file:/C:/Users/junio/Downloads/examenfinal/src/ejercicio4/Coche.java</file>
            <file>file:/C:/Users/junio/Downloads/examenfinal/src/ejercicio4/Ejercicio4.java</file>
        </group>
    </open-files>
</project-private>
